{
  "title": "HorizCoin Security Overview",
  "panels": [
    {
      "title": "Indexer Up",
      "type": "stat",
      "targets": [
        {
          "expr": "up{job='indexer'}"
        }
      ]
    },
    {
      "title": "Model 95th pct latency (s)",
      "type": "graph",
      "targets": [
        {
          "expr": "histogram_quantile(0.95, sum(rate(model_infer_latency_seconds_bucket[5m])) by (le))"
        }
      ]
    },
    {
      "title": "Mint Events",
      "type": "graph",
      "targets": [
        {
          "expr": "increase(horizcoin_mint_events_total[1h])"
        }
      ]
    },
    {
      "title": "Failed On-chain TXs",
      "type": "graph",
      "targets": [
        {
          "expr": "increase(onchain_failed_tx_total[1h])"
        }
      ]
    }
  ]
}