[
  {
    "anonymous": false,
    "inputs": [
      {
        "indexed": false,
        "internalType": "bytes32",
        "name": "requestId",
        "type": "bytes32"
      },
      {
        "indexed": false,
        "internalType": "string",
        "name": "jobName",
        "type": "string"
      },
      {
        "indexed": false,
        "internalType": "address",
        "name": "requester",
        "type": "address"
      }
    ],
    "name": "OracleRequest",
    "type": "event"
  },
  {
    "inputs": [
      {
        "internalType": "bytes32",
        "name": "requestId",
        "type": "bytes32"
      },
      {
        "internalType": "string",
        "name": "result",
        "type": "string"
      }
    ],
    "name": "fulfillRequest",
    "outputs": [],
    "stateMutability": "nonpayable",
    "type": "function"
  }
]